{
    "seed": 42,
    "eval_result": {
        "eval_loss": 0.041467439383268356,
        "eval_Accuracy": 0.9499615088529638,
        "eval_Precision": 0.9541550051092584,
        "eval_Recall": 0.950606766898702,
        "eval_F1": 0.9523372354211695,
        "eval_runtime": 0.5138,
        "eval_samples_per_second": 2528.161,
        "eval_steps_per_second": 79.796,
        "epoch": 3.0
    },
    "train_time": 1835,
    "model_name": "roberta-llama3.1405B-twitter-sentiment",
    "batch_size": 32,
    "epochs": 3,
    "learning_rate": 2e-05,
    "weight_decay": 0.01,
    "accumulation_steps": 1,
    "warmup_steps": 100,
    "warmup_ratio": 0.1,
    "loss_type": "focal_loss"
}