accuracy,precision,recall,f1,seed,model_name,loss
0.892816091954023,0.646852240993479,0.6634472731103708,0.6548677386117395,42,roberta-llama3.1405B-twitter-sentiment,
0.937962962962963,0.9461506216180666,0.9360373811307848,0.9408275922112715,42,roberta-llama3.1405B-twitter-sentiment,
0.9287037037037037,0.9399573827138797,0.9225387351540363,0.9302105987033515,42,roberta-llama3.1405B-twitter-sentiment,0.4187778873122571
