model_name,seed,accuracy,f1,precision,recall,shots
qwen2-7b,42,0.815955857,0.831625282,0.855777644,0.815955857,0
qwen2-7b,42,0.816070813,0.523347083,0.510296853,0.558817666,0
Meta-Llama-3-8B-Instruct,42,0.867111162,0.487187915,0.548831092,0.460963828,0
Qwen2.5-7B-Instruct,42,0.864812047,0.472823885,0.523410547,0.448011792,0
Qwen2.5-32B-Instruct-GPTQ-Int4,42,0.874008507,0.53078262,0.580960952,0.501544337,0
Meta-Llama-3.1-8B-Instruct,42,0.861248419,0.438025549,0.515431224,0.426400461,0
Qwen2.5-7B-Instruct,42,0.854466031,0.488029345,0.514159665,0.474588644,3
